Geography,Return,ReturnRate
East,0.22,22.0
North,0.1596958174904943,15.96958174904943
South,0.18025751072961374,18.025751072961373
West,0.20078740157480315,20.078740157480315
